cityname,climate_zone,city_area_km2,UGS_area_km2,WMEE,IMEE,CE,MPA,FRAC,SHAPE,MCH,PRE,TMP,WS,NTL
Anshan,Cold,191.0,24.789715,13,2.80205714,0.036502619,0.074447396,1.211171073,1.650052857,3.765211202,662.3150894,24.33129039,1.149319666,19.33753759
Anyang,Arid,209.0,8.963956,4,1.535369841,0.06195846,0.041709541,1.18201508,1.5149672,3.188207146,550.736661,27.36646153,1.051137479,17.12477149
Baoji,Temperate,155.0,20.163855,7,2.60685928,0.081591923,0.038771097,1.186876205,1.503720389,3.045582785,847.3828954,25.17279872,1.388312382,14.4119184
Baotou,Arid,235.0,23.926823,6,2.700791341,0.084181888,0.032342016,1.198430859,1.546906109,2.914058442,317.0010662,22.66502419,1.393107877,21.57266566
Beijing,Arid,2179.0,432.537187,8,2.003291676,0.062768716,0.11798142,1.201939912,1.658326512,4.165415241,446.4750597,26.57731427,1.023467203,25.18462116
Cangzhou,Cold,152.0,11.146338,5,1.767236487,0.12106182,0.03971237,1.191055933,1.548826183,2.358692778,466.9588616,27.36715399,1.028100081,13.11541303
Changchun,Cold,411.0,56.931854,12,2.337919976,0.019355977,0.073980157,1.207956714,1.657691081,3.385516362,680.8468608,22.13343632,1.037929844,43.76486784
Changsha,Temperate,423.0,57.729276,6,2.049141168,0.094963378,0.099623177,1.166397785,1.492204823,3.718391422,1278.748571,28.67438206,1.402486503,29.43437279
Changshu,Temperate,187.0,13.933357,7,2.340372077,0.028532225,0.042774592,1.184566184,1.548696504,2.557397495,1046.660642,26.79728751,1.243460189,18.32700003
Changzhou,Temperate,613.0,58.514455,13,2.615769839,-0.01363761,0.040294423,1.183301006,1.545761173,2.865402373,1050.190009,27.4564841,1.173535757,20.20007606
Chengdu,Temperate,867.0,104.505637,9,1.720156478,0.047820855,0.080816466,1.170822684,1.551497374,3.400133311,1064.221108,25.9054863,1.383910631,32.46147743
Chongqing,Temperate,653.0,80.837199,6,2.568473905,0.118268279,0.153367458,1.16274998,1.554458031,4.838441706,1300.519003,27.38530783,1.406630371,23.41432046
Cixi,Temperate,339.0,23.893865,7,4.030364033,0.039897609,0.022565859,1.193338138,1.46941889,2.415041208,1342.756262,27.45127106,1.02171699,17.66009044
Dalian,Cold,516.0,53.019193,6,2.589041698,0.116487633,0.073996174,1.19255999,1.558076237,3.026836585,553.0268594,24.06451774,1.255469462,24.91969876
Datong,Arid,223.0,14.570231,7,2.021711986,0.061190651,0.0293959,1.197730852,1.542086392,2.408985521,382.5887703,21.5465152,1.691179224,27.40146073
Dengzhou,Temperate,302.0,18.305292,4,1.268754868,0.037667037,0.060574921,1.168318044,1.532925855,2.917238758,779.6321814,27.34693091,1.062899941,3.854998322
Dongying,Cold,187.0,2.747112,8,2.151506236,0.026470997,0.01550141,1.164555284,1.405035422,1.507695385,563.9406633,27.14102724,1.174836905,15.76292859
Fushan,Cold,233.0,18.179796,0,1.762892703,0.128462866,0.065129043,1.182071563,1.522074093,2.456672126,581.487817,24.54439428,0.82213546,18.49737846
Fuyang,Temperate,199.0,15.411614,7,1.81046044,0.017188427,0.044363,1.170826641,1.507077205,2.129870006,704.5799739,27.95357892,1.08002798,20.12671784
Fuzhou,Temperate,256.0,35.31286,2,2.690567938,0.129155519,0.068038093,1.166587366,1.495714772,3.87970872,1496.620187,28.4192641,1.356977228,32.27967957
Gaomi,Cold,159.0,17.156541,6,3.179745358,0.069577518,0.069312448,1.178046753,1.576193245,3.237862637,616.7311088,25.86362817,1.261529285,5.824951431
Guilin,Temperate,167.0,27.006421,7,3.502934304,0.117894643,0.090483256,1.157974827,1.476387304,3.62495255,1757.864399,28.25012817,0.952158523,16.2460233
Guiyang,Temperate,298.0,42.576844,7,2.521632254,0.094524327,0.117305784,1.158047963,1.437049754,4.572987794,1174.857524,23.69118052,1.171180466,23.56818413
Handan,Arid,251.0,26.53391,7,1.797043084,0.05461258,0.034158963,1.190217721,1.521368074,2.946609822,567.9215998,27.37702647,0.91789088,13.33815788
Hangzhou,Temperate,1517.0,153.181868,3,2.099844871,0.078168689,0.057387648,1.176923147,1.493313673,3.18632569,1407.653099,27.65785863,1.144768532,22.82144859
Harbin,Cold,471.0,50.504586,14,2.410596937,-0.006417691,0.087951251,1.210318031,1.701460315,3.41622,707.226862,21.64011899,1.175616934,29.58957545
Hefei,Temperate,606.0,58.786139,12,2.250711764,0.018899362,0.06442563,1.177528991,1.531010324,2.299409471,937.0603189,27.9836746,1.118154445,30.71730223
Hohhot,Arid,315.0,26.725825,0,1.864037832,0.112614313,0.032953367,1.192576336,1.534962462,2.51164446,320.9674797,21.5906944,1.396021603,34.15558644
Hong Kong,Temperate,220.0,48.995566,6,2.586224115,0.093519249,0.501723979,1.161326772,1.489565884,5.129336687,2291.339987,28.42810441,1.011897992,49.179621
Huadu,Temperate,165.0,15.856627,8,2.939613537,-0.030934316,0.045419824,1.152949215,1.45372827,4.070437911,1951.667426,29.12996599,1.159288978,16.11574599
Huaibei,Temperate,167.0,7.236687,1,1.912307233,0.109756925,0.035429852,1.16839942,1.455031253,2.272953596,643.4062638,27.77637608,1.119543184,13.25561175
Huaiyin District,Temperate,203.0,24.748021,8,2.311813518,0.064851313,0.055486992,1.177513717,1.533659207,3.635533712,751.834574,26.89306816,1.118482146,22.8115278
Huangdao District,Temperate,175.0,9.634155,6,1.71885282,0.118385138,0.042579695,1.179098628,1.507462144,2.225112942,592.818692,24.75493215,1.538623857,35.12027238
Huangshi,Temperate,163.0,19.989953,5,3.457611737,0.113384226,0.075992916,1.166982799,1.473462151,3.174962888,1309.848294,28.50157532,0.902768766,10.71752931
Huizhou,Temperate,152.0,17.180391,5,2.069007478,0.058202586,0.065962711,1.162730879,1.478673163,4.160753717,2020.296604,28.59941108,1.357496273,20.31770843
Jiaozhou,Cold,152.0,9.412248,4,1.876288867,0.055075168,0.032704616,1.18830408,1.502489681,2.299268513,602.9752407,25.54681438,1.099292839,12.63568617
Jinan,Cold,562.0,76.662971,7,1.783258408,0.075944349,0.063982321,1.181968629,1.540937325,3.051385079,671.6137615,27.3216969,1.073210397,22.18042045
Jinhua,Temperate,158.0,15.655032,7,2.871424345,0.035471132,0.033326611,1.173403866,1.477695468,2.529054958,1609.901166,28.37378552,1.299344021,20.67726695
Kaifeng,Temperate,193.0,13.785799,0,1.739690428,0.092087352,0.032291366,1.169960033,1.466061854,2.738841266,607.3509244,27.46928579,1.180692616,19.20381349
Kunming,Temperate,362.0,35.004589,5,1.805804751,0.101964169,0.054341027,1.160895934,1.461324158,2.745519248,698.0138882,21.1470033,1.348017267,34.91415582
Lanzhou,Arid,250.0,22.581464,0,2.813677893,0.159289665,0.029058755,1.174228929,1.450548501,2.749211269,415.179444,20.75189707,1.333590677,20.13527986
Linfen,Arid,157.0,15.012074,10,2.910167709,0.124749029,0.050057364,1.178720073,1.532672881,3.089717485,554.6843481,26.20228722,1.19745555,12.98208746
Linyi,Cold,829.0,36.312539,12,1.893838506,0.051397113,0.046995842,1.176770323,1.512174696,2.625364857,680.9777617,26.73002628,1.193282449,9.69377605
Liuzhou,Temperate,220.0,28.692909,6,3.050842855,0.131086908,0.079758413,1.15005882,1.45760672,4.125503988,1570.891464,28.77252683,1.207787875,22.73619557
Luohe,Temperate,191.0,17.167051,6,2.398060503,0.165653377,0.047166873,1.174360548,1.495553297,3.086149163,699.537278,27.73412557,1.006373955,14.30764697
Luoyang,Temperate,340.0,22.209111,5,1.703600225,0.114168515,0.02537677,1.17894672,1.469404603,2.069330832,603.308842,27.56835034,1.053732464,16.41351564
Nanchang,Temperate,505.0,35.97985,7,2.471061518,0.156423338,0.035751384,1.162743134,1.450157358,3.369733357,1616.169965,28.85365069,1.18380573,19.67723107
Nanjing,Temperate,1012.0,70.078371,7,2.129044397,0.077398934,0.232870326,1.177313308,1.504120646,2.740790608,971.5141204,28.12158797,1.199102302,23.66608081
Nanyang,Temperate,161.0,8.015107,3,2.186428557,0.251288637,0.045261253,1.166874698,1.503743272,1.99739395,757.1073634,27.61017919,1.150727655,14.25154002
Ningbo,Temperate,523.0,50.889612,16,2.407338224,-0.014469317,0.046800662,1.183034575,1.534063681,2.910995758,1425.206965,27.53241969,1.215456107,25.80618842
Putian,Temperate,453.0,38.349321,8,2.56127846,0.055981067,0.035235051,1.164217926,1.427121943,2.895759647,1265.226179,28.39468163,1.175024143,13.02757518
Puyang,Cold,151.0,10.914923,7,1.871312166,0.004171886,0.033332775,1.175487614,1.494573429,2.612213324,571.5970292,27.35609409,0.909454063,19.93109974
Qingdao,Cold,589.0,38.021495,4,1.845154199,0.105757733,0.03916593,1.17912531,1.517850812,2.470828144,590.174355,25.2066175,1.326333768,22.59916247
Qinhuangdao,Cold,152.0,18.122306,8,1.885519479,0.062894413,0.042692026,1.19841896,1.562116745,3.712051976,580.6468822,24.19934565,0.797517103,21.51705417
Quanzhou,Temperate,799.0,53.162029,0,2.58533974,0.093450632,0.045965624,1.160237968,1.43633232,3.006623061,1161.702305,28.1342604,1.387361783,18.9433243
Quzhou,Temperate,185.0,20.55035,5,2.73779117,0.060970538,0.032161963,1.180561061,1.483679015,2.935144646,1689.794648,28.36167837,1.06869937,9.538964399
Rizhao,Temperate,185.0,16.20401,4,1.758751951,0.101068161,0.037160637,1.188384649,1.535450815,2.937937104,708.5621192,25.23738182,1.108924762,14.83173233
Shanghai,Temperate,3128.0,307.972561,12,2.423951368,-0.009315227,0.045483011,1.180970257,1.535769706,2.845644025,1123.190152,27.08091156,1.096594833,27.34754607
Shangqiu,Temperate,186.0,5.820688,3,1.722190576,0.030642864,0.031428698,1.168459972,1.472412836,2.539236593,693.328418,27.74283548,1.13347571,17.77674204
Shantou,Temperate,1961.0,125.720004,0,3.042076148,0.142841492,0.034938104,1.158144176,1.400574847,3.266759705,1590.320467,28.47072297,1.263254895,12.00179322
Shenyang,Cold,748.0,91.510749,9,2.1455847,0.021642094,0.067142149,1.210324493,1.645647002,3.790801518,657.5465359,24.02743116,1.040371607,27.43470951
Shijiazhuang,Arid,493.0,53.071142,9,2.069075597,0.021561871,0.050337821,1.182515679,1.552758613,2.877220143,471.1013198,27.16101875,1.017558864,20.49214823
Songzhuang,Arid,165.0,24.077384,9,1.987072395,0.057898001,0.045146893,1.2139279,1.60394309,3.276429335,434.1891285,26.50643544,1.135040691,13.3463628
Suqian,Temperate,197.0,17.266406,1,2.397474529,0.127420926,0.034079919,1.191960627,1.504966501,3.201614863,668.692715,27.25857956,1.283612194,16.62561968
Tai'an,Cold,158.0,21.856119,0,1.862360005,0.11032228,0.045122846,1.188038916,1.5396875,2.838440082,700.9234664,26.86133045,0.901027877,32.12054432
Taiyuan,Arid,367.0,12.77716,0,1.269949497,0.159810546,0.029319379,1.175964138,1.491879587,1.584651002,418.0950266,23.51904918,1.207179513,40.27611997
Taizhou,Temperate,332.0,28.676682,9,2.21311563,0.050959481,0.065588115,1.166362532,1.443955695,3.245753134,1659.821434,27.02109715,1.239229345,16.65223135
Tangshan,Cold,455.0,38.276759,2,1.85913221,0.113286306,0.037264029,1.203119763,1.544565753,2.291787043,560.6208734,25.91196316,1.111601634,16.7133399
Tengzhou,Temperate,167.0,5.236998,2,1.813738425,0.103137677,0.027286779,1.1788692,1.478775791,1.932601204,667.008237,27.36596299,0.908609287,8.774190165
Tianjia'an,Temperate,168.0,20.62195,11,2.642705218,-0.031938775,0.051831449,1.174848765,1.497629803,3.816566171,725.1889565,27.88119451,1.1179402,8.591195429
Tianjin,Arid,671.0,81.102206,10,2.022539807,-0.012084895,0.06082541,1.190189002,1.617535524,3.262224324,507.2348789,26.69805476,0.992871225,30.98041395
Urumqi,Arid,355.0,43.334571,0,1.832201389,0.184658095,0.051239738,1.183918749,1.557332725,2.920497289,179.0539758,24.72801723,1.331903749,33.67521588
Weifang,Cold,235.0,22.107314,1,1.966703453,0.106456219,0.045842769,1.174895504,1.531167155,2.523960612,631.7481053,26.43422725,1.153958825,20.69336356
Wenzhou,Temperate,514.0,40.67781,1,3.03934124,0.124211865,0.111212264,1.168260191,1.459098847,3.328303659,1644.707196,27.08907289,1.260909132,19.61048885
Wuhan,Temperate,772.0,60.922715,3,2.147887252,0.107361356,0.049906418,1.168808423,1.4971671,3.311844173,1102.77056,28.56891602,1.317698185,27.71209471
Wuhu,Temperate,197.0,10.017993,4,2.951238648,0.08336444,0.038235481,1.167999916,1.487175807,2.418254505,1129.698874,28.20764024,1.686080521,18.65775245
Xi'an,Arid,691.0,54.668518,9,1.495308807,0.057550731,0.039110351,1.168560543,1.485630847,2.769922826,725.1430812,26.2879571,1.168719338,37.24142657
Xiamen City,Temperate,185.0,23.126867,2,2.228792844,0.105761321,0.125702395,1.162248598,1.511756201,3.838813559,1111.549682,28.26787315,0.98507432,43.64649485
Xiangyang,Temperate,181.0,15.549008,11,2.209892423,0.007777731,0.041026718,1.171137058,1.498868208,2.558998701,741.8698254,27.63513779,1.172950773,13.19428929
Xiuying District,Tropical,199.0,26.070804,11,2.008830122,-0.071359281,0.049101413,1.151365306,1.47149484,3.847676751,1698.669775,29.35208794,1.200158996,27.60843061
Xuchang,Temperate,352.0,24.152803,0,2.114126592,0.167536497,0.047263534,1.174054873,1.510425159,3.168312693,654.5125913,27.45816842,1.112824298,7.850815886
Xuzhou,Temperate,258.0,32.63919,5,1.965680174,0.083725067,0.074918581,1.17235456,1.524496117,3.54149933,635.1483416,27.72221958,1.046908047,18.22176157
Yancheng,Temperate,223.0,10.739847,5,1.722299281,0.0977251,0.026749186,1.189674996,1.499030484,1.868918266,902.3805179,26.39186447,1.203186597,29.11701821
Yangzhou,Temperate,156.0,14.190847,3,1.798092411,0.124901646,0.031321559,1.17979483,1.495004661,2.318977255,961.8193604,28.02904118,1.068814843,28.21318667
Yichang,Temperate,156.0,17.673094,8,2.597598979,0.050822638,0.093163848,1.184155328,1.580552996,3.058618414,764.0659077,27.74436889,1.215077487,16.29892544
Yinchuan,Arid,253.0,30.93139,3,2.68726477,0.210032767,0.050925758,1.18920945,1.579265688,3.145124783,187.2679471,23.10317459,1.420388211,25.14125365
Yueqing,Temperate,233.0,25.704772,8,3.369802761,0.083363982,0.11194396,1.176843207,1.482961411,3.526452143,1662.065122,26.73026112,1.050580134,12.43772537
Zhangjiagang,Temperate,355.0,21.7738,5,3.13345816,0.05921995,0.032281829,1.175010582,1.471470415,2.679532196,1015.473162,26.97595597,1.034638083,14.25397515
Zhangzhou,Temperate,417.0,43.882759,2,2.470192246,0.090328111,0.045232796,1.169975832,1.430904392,3.972207844,1164.562365,28.40671861,1.173379256,18.27570613
Zhengzhou,Temperate,642.0,58.585603,4,1.386767684,0.082251572,0.040410619,1.179819336,1.51538617,2.768994673,575.4423986,27.22233766,1.270548654,26.49549562
Zhuzhou,Temperate,161.0,23.262325,4,2.398022886,0.132176112,0.090928783,1.167523323,1.512609365,4.888680499,1330.129133,28.69481087,1.22557514,17.89492133
Zibo,Cold,429.0,23.458711,7,2.35055287,0.011337222,0.033001766,1.173883149,1.493243928,2.471473596,629.3687136,26.94146496,1.092475106,10.25231426
Zucheng,Cold,170.0,8.518322,3,3.115337321,0.148408289,0.048059988,1.181792521,1.532365316,2.526228169,662.2640236,25.66134638,1.30392201,7.793802621
